algorithm,n_queens,seed,found,time_seconds,nodes_explored
backtracking_first_unassigned_variable_default_order,4,1,True,8.8e-05,8
backtracking_first_unassigned_variable_default_order,4,2,True,5e-05,8
backtracking_first_unassigned_variable_default_order,4,3,True,4.4e-05,8
backtracking_first_unassigned_variable_default_order,4,4,True,3.9e-05,8
backtracking_first_unassigned_variable_default_order,4,5,True,3.5e-05,8
backtracking_first_unassigned_variable_default_order,4,6,True,3.8e-05,8
backtracking_first_unassigned_variable_default_order,4,7,True,4.8e-05,8
backtracking_first_unassigned_variable_default_order,4,8,True,5.1e-05,8
backtracking_first_unassigned_variable_default_order,4,9,True,4e-05,8
backtracking_first_unassigned_variable_default_order,4,10,True,4.1e-05,8
backtracking_first_unassigned_variable_default_order,4,11,True,3.7e-05,8
backtracking_first_unassigned_variable_default_order,4,12,True,0.000167,8
backtracking_first_unassigned_variable_default_order,4,13,True,4.1e-05,8
backtracking_first_unassigned_variable_default_order,4,14,True,3.6e-05,8
backtracking_first_unassigned_variable_default_order,4,15,True,3.5e-05,8
backtracking_first_unassigned_variable_default_order,4,16,True,3.5e-05,8
backtracking_first_unassigned_variable_default_order,4,17,True,3.9e-05,8
backtracking_first_unassigned_variable_default_order,4,18,True,3.5e-05,8
backtracking_first_unassigned_variable_default_order,4,19,True,4.1e-05,8
backtracking_first_unassigned_variable_default_order,4,20,True,4.1e-05,8
backtracking_first_unassigned_variable_default_order,4,21,True,4.1e-05,8
backtracking_first_unassigned_variable_default_order,4,22,True,3.4e-05,8
backtracking_first_unassigned_variable_default_order,4,23,True,3.5e-05,8
backtracking_first_unassigned_variable_default_order,4,24,True,7.1e-05,8
backtracking_first_unassigned_variable_default_order,4,25,True,3.4e-05,8
backtracking_first_unassigned_variable_default_order,4,26,True,4e-05,8
backtracking_first_unassigned_variable_default_order,4,27,True,3.4e-05,8
backtracking_first_unassigned_variable_default_order,4,28,True,0.000295,8
backtracking_first_unassigned_variable_default_order,4,29,True,3.6e-05,8
backtracking_first_unassigned_variable_default_order,4,30,True,3.6e-05,8
backtracking_first_unassigned_variable_default_order,8,1,True,0.001791,116
backtracking_first_unassigned_variable_default_order,8,2,True,0.000667,116
backtracking_first_unassigned_variable_default_order,8,3,True,0.000666,116
backtracking_first_unassigned_variable_default_order,8,4,True,0.001699,116
backtracking_first_unassigned_variable_default_order,8,5,True,0.000716,116
backtracking_first_unassigned_variable_default_order,8,6,True,0.00063,116
backtracking_first_unassigned_variable_default_order,8,7,True,0.000617,116
backtracking_first_unassigned_variable_default_order,8,8,True,0.000653,116
backtracking_first_unassigned_variable_default_order,8,9,True,0.00085,116
backtracking_first_unassigned_variable_default_order,8,10,True,0.000694,116
backtracking_first_unassigned_variable_default_order,8,11,True,0.000709,116
backtracking_first_unassigned_variable_default_order,8,12,True,0.00072,116
backtracking_first_unassigned_variable_default_order,8,13,True,0.000744,116
backtracking_first_unassigned_variable_default_order,8,14,True,0.000707,116
backtracking_first_unassigned_variable_default_order,8,15,True,0.000734,116
backtracking_first_unassigned_variable_default_order,8,16,True,0.000745,116
backtracking_first_unassigned_variable_default_order,8,17,True,0.000702,116
backtracking_first_unassigned_variable_default_order,8,18,True,0.001087,116
backtracking_first_unassigned_variable_default_order,8,19,True,0.002712,116
backtracking_first_unassigned_variable_default_order,8,20,True,0.000629,116
backtracking_first_unassigned_variable_default_order,8,21,True,0.000447,116
backtracking_first_unassigned_variable_default_order,8,22,True,0.000472,116
backtracking_first_unassigned_variable_default_order,8,23,True,0.000438,116
backtracking_first_unassigned_variable_default_order,8,24,True,0.00046,116
backtracking_first_unassigned_variable_default_order,8,25,True,0.000434,116
backtracking_first_unassigned_variable_default_order,8,26,True,0.000435,116
backtracking_first_unassigned_variable_default_order,8,27,True,0.000451,116
backtracking_first_unassigned_variable_default_order,8,28,True,0.001571,116
backtracking_first_unassigned_variable_default_order,8,29,True,0.000481,116
backtracking_first_unassigned_variable_default_order,8,30,True,0.001796,116
backtracking_first_unassigned_variable_default_order,10,1,True,0.001317,91
backtracking_first_unassigned_variable_default_order,10,2,True,0.000631,91
backtracking_first_unassigned_variable_default_order,10,3,True,0.000572,91
backtracking_first_unassigned_variable_default_order,10,4,True,0.000626,91
backtracking_first_unassigned_variable_default_order,10,5,True,0.000651,91
backtracking_first_unassigned_variable_default_order,10,6,True,0.000605,91
backtracking_first_unassigned_variable_default_order,10,7,True,0.000556,91
backtracking_first_unassigned_variable_default_order,10,8,True,0.000796,91
backtracking_first_unassigned_variable_default_order,10,9,True,0.000657,91
backtracking_first_unassigned_variable_default_order,10,10,True,0.000809,91
backtracking_first_unassigned_variable_default_order,10,11,True,0.00042,91
backtracking_first_unassigned_variable_default_order,10,12,True,0.000389,91
backtracking_first_unassigned_variable_default_order,10,13,True,0.000829,91
backtracking_first_unassigned_variable_default_order,10,14,True,0.000875,91
backtracking_first_unassigned_variable_default_order,10,15,True,0.000809,91
backtracking_first_unassigned_variable_default_order,10,16,True,0.000391,91
backtracking_first_unassigned_variable_default_order,10,17,True,0.000388,91
backtracking_first_unassigned_variable_default_order,10,18,True,0.000391,91
backtracking_first_unassigned_variable_default_order,10,19,True,0.000389,91
backtracking_first_unassigned_variable_default_order,10,20,True,0.000404,91
backtracking_first_unassigned_variable_default_order,10,21,True,0.000385,91
backtracking_first_unassigned_variable_default_order,10,22,True,0.000405,91
backtracking_first_unassigned_variable_default_order,10,23,True,0.000417,91
backtracking_first_unassigned_variable_default_order,10,24,True,0.000623,91
backtracking_first_unassigned_variable_default_order,10,25,True,0.00064,91
backtracking_first_unassigned_variable_default_order,10,26,True,0.000844,91
backtracking_first_unassigned_variable_default_order,10,27,True,0.000645,91
backtracking_first_unassigned_variable_default_order,10,28,True,0.000624,91
backtracking_first_unassigned_variable_default_order,10,29,True,0.000662,91
backtracking_first_unassigned_variable_default_order,10,30,True,0.000663,91
backtracking_first_unassigned_variable_default_order,12,1,True,0.001846,243
backtracking_first_unassigned_variable_default_order,12,2,True,0.0019,243
backtracking_first_unassigned_variable_default_order,12,3,True,0.001329,243
backtracking_first_unassigned_variable_default_order,12,4,True,0.001221,243
backtracking_first_unassigned_variable_default_order,12,5,True,0.001188,243
backtracking_first_unassigned_variable_default_order,12,6,True,0.001202,243
backtracking_first_unassigned_variable_default_order,12,7,True,0.001333,243
backtracking_first_unassigned_variable_default_order,12,8,True,0.001708,243
backtracking_first_unassigned_variable_default_order,12,9,True,0.001239,243
backtracking_first_unassigned_variable_default_order,12,10,True,0.0012,243
backtracking_first_unassigned_variable_default_order,12,11,True,0.00121,243
backtracking_first_unassigned_variable_default_order,12,12,True,0.001386,243
backtracking_first_unassigned_variable_default_order,12,13,True,0.002034,243
backtracking_first_unassigned_variable_default_order,12,14,True,0.001575,243
backtracking_first_unassigned_variable_default_order,12,15,True,0.001246,243
backtracking_first_unassigned_variable_default_order,12,16,True,0.001209,243
backtracking_first_unassigned_variable_default_order,12,17,True,0.001211,243
backtracking_first_unassigned_variable_default_order,12,18,True,0.001264,243
backtracking_first_unassigned_variable_default_order,12,19,True,0.001405,243
backtracking_first_unassigned_variable_default_order,12,20,True,0.003562,243
backtracking_first_unassigned_variable_default_order,12,21,True,0.002008,243
backtracking_first_unassigned_variable_default_order,12,22,True,0.002899,243
backtracking_first_unassigned_variable_default_order,12,23,True,0.001964,243
backtracking_first_unassigned_variable_default_order,12,24,True,0.001958,243
backtracking_first_unassigned_variable_default_order,12,25,True,0.001908,243
backtracking_first_unassigned_variable_default_order,12,26,True,0.001936,243
backtracking_first_unassigned_variable_default_order,12,27,True,0.001884,243
backtracking_first_unassigned_variable_default_order,12,28,True,0.004098,243
backtracking_first_unassigned_variable_default_order,12,29,True,0.001999,243
backtracking_first_unassigned_variable_default_order,12,30,True,0.001958,243
backtracking_first_unassigned_variable_default_order,15,1,True,0.018422,1630
backtracking_first_unassigned_variable_default_order,15,2,True,0.0155,1630
backtracking_first_unassigned_variable_default_order,15,3,True,0.036268,1630
backtracking_first_unassigned_variable_default_order,15,4,True,0.033805,1630
backtracking_first_unassigned_variable_default_order,15,5,True,0.032292,1630
backtracking_first_unassigned_variable_default_order,15,6,True,0.011688,1630
backtracking_first_unassigned_variable_default_order,15,7,True,0.013277,1630
backtracking_first_unassigned_variable_default_order,15,8,True,0.013794,1630
backtracking_first_unassigned_variable_default_order,15,9,True,0.014979,1630
backtracking_first_unassigned_variable_default_order,15,10,True,0.013455,1630
backtracking_first_unassigned_variable_default_order,15,11,True,0.015782,1630
backtracking_first_unassigned_variable_default_order,15,12,True,0.018828,1630
backtracking_first_unassigned_variable_default_order,15,13,True,0.024829,1630
backtracking_first_unassigned_variable_default_order,15,14,True,0.017343,1630
backtracking_first_unassigned_variable_default_order,15,15,True,0.010951,1630
backtracking_first_unassigned_variable_default_order,15,16,True,0.010666,1630
backtracking_first_unassigned_variable_default_order,15,17,True,0.013406,1630
backtracking_first_unassigned_variable_default_order,15,18,True,0.016505,1630
backtracking_first_unassigned_variable_default_order,15,19,True,0.01601,1630
backtracking_first_unassigned_variable_default_order,15,20,True,0.016805,1630
backtracking_first_unassigned_variable_default_order,15,21,True,0.015486,1630
backtracking_first_unassigned_variable_default_order,15,22,True,0.018834,1630
backtracking_first_unassigned_variable_default_order,15,23,True,0.018464,1630
backtracking_first_unassigned_variable_default_order,15,24,True,0.03985,1630
backtracking_first_unassigned_variable_default_order,15,25,True,0.029553,1630
backtracking_first_unassigned_variable_default_order,15,26,True,0.018181,1630
backtracking_first_unassigned_variable_default_order,15,27,True,0.015182,1630
backtracking_first_unassigned_variable_default_order,15,28,True,0.016442,1630
backtracking_first_unassigned_variable_default_order,15,29,True,0.01126,1630
backtracking_first_unassigned_variable_default_order,15,30,True,0.012024,1630
forward_checking_first_unassigned_variable_default_order,4,1,True,0.0001,8
forward_checking_first_unassigned_variable_default_order,4,2,True,5.3e-05,8
forward_checking_first_unassigned_variable_default_order,4,3,True,4.9e-05,8
forward_checking_first_unassigned_variable_default_order,4,4,True,4.7e-05,8
forward_checking_first_unassigned_variable_default_order,4,5,True,4.6e-05,8
forward_checking_first_unassigned_variable_default_order,4,6,True,4.6e-05,8
forward_checking_first_unassigned_variable_default_order,4,7,True,6.3e-05,8
forward_checking_first_unassigned_variable_default_order,4,8,True,4.7e-05,8
forward_checking_first_unassigned_variable_default_order,4,9,True,4.7e-05,8
forward_checking_first_unassigned_variable_default_order,4,10,True,4.8e-05,8
forward_checking_first_unassigned_variable_default_order,4,11,True,5.9e-05,8
forward_checking_first_unassigned_variable_default_order,4,12,True,4.8e-05,8
forward_checking_first_unassigned_variable_default_order,4,13,True,4.7e-05,8
forward_checking_first_unassigned_variable_default_order,4,14,True,0.000217,8
forward_checking_first_unassigned_variable_default_order,4,15,True,4.9e-05,8
forward_checking_first_unassigned_variable_default_order,4,16,True,4.7e-05,8
forward_checking_first_unassigned_variable_default_order,4,17,True,4.8e-05,8
forward_checking_first_unassigned_variable_default_order,4,18,True,4.6e-05,8
forward_checking_first_unassigned_variable_default_order,4,19,True,4.8e-05,8
forward_checking_first_unassigned_variable_default_order,4,20,True,4.7e-05,8
forward_checking_first_unassigned_variable_default_order,4,21,True,8.8e-05,8
forward_checking_first_unassigned_variable_default_order,4,22,True,4.8e-05,8
forward_checking_first_unassigned_variable_default_order,4,23,True,4.7e-05,8
forward_checking_first_unassigned_variable_default_order,4,24,True,4.7e-05,8
forward_checking_first_unassigned_variable_default_order,4,25,True,4.4e-05,8
forward_checking_first_unassigned_variable_default_order,4,26,True,4.3e-05,8
forward_checking_first_unassigned_variable_default_order,4,27,True,4.3e-05,8
forward_checking_first_unassigned_variable_default_order,4,28,True,4.4e-05,8
forward_checking_first_unassigned_variable_default_order,4,29,True,4.5e-05,8
forward_checking_first_unassigned_variable_default_order,4,30,True,4.5e-05,8
forward_checking_first_unassigned_variable_default_order,8,1,True,0.000704,89
forward_checking_first_unassigned_variable_default_order,8,2,True,0.00073,89
forward_checking_first_unassigned_variable_default_order,8,3,True,0.000717,89
forward_checking_first_unassigned_variable_default_order,8,4,True,0.000715,89
forward_checking_first_unassigned_variable_default_order,8,5,True,0.000716,89
forward_checking_first_unassigned_variable_default_order,8,6,True,0.001128,89
forward_checking_first_unassigned_variable_default_order,8,7,True,0.001124,89
forward_checking_first_unassigned_variable_default_order,8,8,True,0.000655,89
forward_checking_first_unassigned_variable_default_order,8,9,True,0.000925,89
forward_checking_first_unassigned_variable_default_order,8,10,True,0.000771,89
forward_checking_first_unassigned_variable_default_order,8,11,True,0.000701,89
forward_checking_first_unassigned_variable_default_order,8,12,True,0.000701,89
forward_checking_first_unassigned_variable_default_order,8,13,True,0.000681,89
forward_checking_first_unassigned_variable_default_order,8,14,True,0.000564,89
forward_checking_first_unassigned_variable_default_order,8,15,True,0.000528,89
forward_checking_first_unassigned_variable_default_order,8,16,True,0.000449,89
forward_checking_first_unassigned_variable_default_order,8,17,True,0.000535,89
forward_checking_first_unassigned_variable_default_order,8,18,True,0.000755,89
forward_checking_first_unassigned_variable_default_order,8,19,True,0.000784,89
forward_checking_first_unassigned_variable_default_order,8,20,True,0.000721,89
forward_checking_first_unassigned_variable_default_order,8,21,True,0.000874,89
forward_checking_first_unassigned_variable_default_order,8,22,True,0.000875,89
forward_checking_first_unassigned_variable_default_order,8,23,True,0.000667,89
forward_checking_first_unassigned_variable_default_order,8,24,True,0.000689,89
forward_checking_first_unassigned_variable_default_order,8,25,True,0.001264,89
forward_checking_first_unassigned_variable_default_order,8,26,True,0.000693,89
forward_checking_first_unassigned_variable_default_order,8,27,True,0.001372,89
forward_checking_first_unassigned_variable_default_order,8,28,True,0.002674,89
forward_checking_first_unassigned_variable_default_order,8,29,True,0.000788,89
forward_checking_first_unassigned_variable_default_order,8,30,True,0.00274,89
forward_checking_first_unassigned_variable_default_order,10,1,True,0.000668,73
forward_checking_first_unassigned_variable_default_order,10,2,True,0.00056,73
forward_checking_first_unassigned_variable_default_order,10,3,True,0.000699,73
forward_checking_first_unassigned_variable_default_order,10,4,True,0.000626,73
forward_checking_first_unassigned_variable_default_order,10,5,True,0.000603,73
forward_checking_first_unassigned_variable_default_order,10,6,True,0.000772,73
forward_checking_first_unassigned_variable_default_order,10,7,True,0.000641,73
forward_checking_first_unassigned_variable_default_order,10,8,True,0.000655,73
forward_checking_first_unassigned_variable_default_order,10,9,True,0.000688,73
forward_checking_first_unassigned_variable_default_order,10,10,True,0.00069,73
forward_checking_first_unassigned_variable_default_order,10,11,True,0.000642,73
forward_checking_first_unassigned_variable_default_order,10,12,True,0.000686,73
forward_checking_first_unassigned_variable_default_order,10,13,True,0.000672,73
forward_checking_first_unassigned_variable_default_order,10,14,True,0.001006,73
forward_checking_first_unassigned_variable_default_order,10,15,True,0.002437,73
forward_checking_first_unassigned_variable_default_order,10,16,True,0.000678,73
forward_checking_first_unassigned_variable_default_order,10,17,True,0.00133,73
forward_checking_first_unassigned_variable_default_order,10,18,True,0.000599,73
forward_checking_first_unassigned_variable_default_order,10,19,True,0.000417,73
forward_checking_first_unassigned_variable_default_order,10,20,True,0.000427,73
forward_checking_first_unassigned_variable_default_order,10,21,True,0.000411,73
forward_checking_first_unassigned_variable_default_order,10,22,True,0.000427,73
forward_checking_first_unassigned_variable_default_order,10,23,True,0.000421,73
forward_checking_first_unassigned_variable_default_order,10,24,True,0.000422,73
forward_checking_first_unassigned_variable_default_order,10,25,True,0.000404,73
forward_checking_first_unassigned_variable_default_order,10,26,True,0.000406,73
forward_checking_first_unassigned_variable_default_order,10,27,True,0.000416,73
forward_checking_first_unassigned_variable_default_order,10,28,True,0.000401,73
forward_checking_first_unassigned_variable_default_order,10,29,True,0.000413,73
forward_checking_first_unassigned_variable_default_order,10,30,True,0.000594,73
forward_checking_first_unassigned_variable_default_order,12,1,True,0.001683,176
forward_checking_first_unassigned_variable_default_order,12,2,True,0.001708,176
forward_checking_first_unassigned_variable_default_order,12,3,True,0.00171,176
forward_checking_first_unassigned_variable_default_order,12,4,True,0.001646,176
forward_checking_first_unassigned_variable_default_order,12,5,True,0.001677,176
forward_checking_first_unassigned_variable_default_order,12,6,True,0.001797,176
forward_checking_first_unassigned_variable_default_order,12,7,True,0.002643,176
forward_checking_first_unassigned_variable_default_order,12,8,True,0.001834,176
forward_checking_first_unassigned_variable_default_order,12,9,True,0.00173,176
forward_checking_first_unassigned_variable_default_order,12,10,True,0.006763,176
forward_checking_first_unassigned_variable_default_order,12,11,True,0.002152,176
forward_checking_first_unassigned_variable_default_order,12,12,True,0.017542,176
forward_checking_first_unassigned_variable_default_order,12,13,True,0.011763,176
forward_checking_first_unassigned_variable_default_order,12,14,True,0.003934,176
forward_checking_first_unassigned_variable_default_order,12,15,True,0.014449,176
forward_checking_first_unassigned_variable_default_order,12,16,True,0.005433,176
forward_checking_first_unassigned_variable_default_order,12,17,True,0.00194,176
forward_checking_first_unassigned_variable_default_order,12,18,True,0.002397,176
forward_checking_first_unassigned_variable_default_order,12,19,True,0.00324,176
forward_checking_first_unassigned_variable_default_order,12,20,True,0.013212,176
forward_checking_first_unassigned_variable_default_order,12,21,True,0.009574,176
forward_checking_first_unassigned_variable_default_order,12,22,True,0.005028,176
forward_checking_first_unassigned_variable_default_order,12,23,True,0.011545,176
forward_checking_first_unassigned_variable_default_order,12,24,True,0.001974,176
forward_checking_first_unassigned_variable_default_order,12,25,True,0.00179,176
forward_checking_first_unassigned_variable_default_order,12,26,True,0.002023,176
forward_checking_first_unassigned_variable_default_order,12,27,True,0.001978,176
forward_checking_first_unassigned_variable_default_order,12,28,True,0.001691,176
forward_checking_first_unassigned_variable_default_order,12,29,True,0.003969,176
forward_checking_first_unassigned_variable_default_order,12,30,True,0.002012,176
forward_checking_first_unassigned_variable_default_order,15,1,True,0.019246,1232
forward_checking_first_unassigned_variable_default_order,15,2,True,0.036088,1232
forward_checking_first_unassigned_variable_default_order,15,3,True,0.025883,1232
forward_checking_first_unassigned_variable_default_order,15,4,True,0.01892,1232
forward_checking_first_unassigned_variable_default_order,15,5,True,0.100409,1232
forward_checking_first_unassigned_variable_default_order,15,6,True,0.067098,1232
forward_checking_first_unassigned_variable_default_order,15,7,True,0.044406,1232
forward_checking_first_unassigned_variable_default_order,15,8,True,0.022028,1232
forward_checking_first_unassigned_variable_default_order,15,9,True,0.068269,1232
forward_checking_first_unassigned_variable_default_order,15,10,True,0.055378,1232
forward_checking_first_unassigned_variable_default_order,15,11,True,0.027544,1232
forward_checking_first_unassigned_variable_default_order,15,12,True,0.013835,1232
forward_checking_first_unassigned_variable_default_order,15,13,True,0.038815,1232
forward_checking_first_unassigned_variable_default_order,15,14,True,0.01405,1232
forward_checking_first_unassigned_variable_default_order,15,15,True,0.020901,1232
forward_checking_first_unassigned_variable_default_order,15,16,True,0.014831,1232
forward_checking_first_unassigned_variable_default_order,15,17,True,0.029932,1232
forward_checking_first_unassigned_variable_default_order,15,18,True,0.037736,1232
forward_checking_first_unassigned_variable_default_order,15,19,True,0.033476,1232
forward_checking_first_unassigned_variable_default_order,15,20,True,0.03845,1232
forward_checking_first_unassigned_variable_default_order,15,21,True,0.024131,1232
forward_checking_first_unassigned_variable_default_order,15,22,True,0.014595,1232
forward_checking_first_unassigned_variable_default_order,15,23,True,0.013888,1232
forward_checking_first_unassigned_variable_default_order,15,24,True,0.014394,1232
forward_checking_first_unassigned_variable_default_order,15,25,True,0.01063,1232
forward_checking_first_unassigned_variable_default_order,15,26,True,0.032763,1232
forward_checking_first_unassigned_variable_default_order,15,27,True,0.015174,1232
forward_checking_first_unassigned_variable_default_order,15,28,True,0.032218,1232
forward_checking_first_unassigned_variable_default_order,15,29,True,0.030899,1232
forward_checking_first_unassigned_variable_default_order,15,30,True,0.024949,1232
backtracking_first_unassigned_variable_lcv,4,1,True,0.000233,8
backtracking_first_unassigned_variable_lcv,4,2,True,0.000184,8
backtracking_first_unassigned_variable_lcv,4,3,True,0.000184,8
backtracking_first_unassigned_variable_lcv,4,4,True,0.000186,8
backtracking_first_unassigned_variable_lcv,4,5,True,0.000184,8
backtracking_first_unassigned_variable_lcv,4,6,True,0.000444,8
backtracking_first_unassigned_variable_lcv,4,7,True,0.000174,8
backtracking_first_unassigned_variable_lcv,4,8,True,0.00016,8
backtracking_first_unassigned_variable_lcv,4,9,True,0.000457,8
backtracking_first_unassigned_variable_lcv,4,10,True,0.000183,8
backtracking_first_unassigned_variable_lcv,4,11,True,0.000191,8
backtracking_first_unassigned_variable_lcv,4,12,True,0.000172,8
backtracking_first_unassigned_variable_lcv,4,13,True,0.000179,8
backtracking_first_unassigned_variable_lcv,4,14,True,0.000167,8
backtracking_first_unassigned_variable_lcv,4,15,True,0.000174,8
backtracking_first_unassigned_variable_lcv,4,16,True,0.000163,8
backtracking_first_unassigned_variable_lcv,4,17,True,0.000179,8
backtracking_first_unassigned_variable_lcv,4,18,True,0.000206,8
backtracking_first_unassigned_variable_lcv,4,19,True,0.000176,8
backtracking_first_unassigned_variable_lcv,4,20,True,0.000177,8
backtracking_first_unassigned_variable_lcv,4,21,True,0.00018,8
backtracking_first_unassigned_variable_lcv,4,22,True,0.000155,8
backtracking_first_unassigned_variable_lcv,4,23,True,0.000146,8
backtracking_first_unassigned_variable_lcv,4,24,True,0.000195,8
backtracking_first_unassigned_variable_lcv,4,25,True,0.000177,8
backtracking_first_unassigned_variable_lcv,4,26,True,0.000172,8
backtracking_first_unassigned_variable_lcv,4,27,True,0.000205,8
backtracking_first_unassigned_variable_lcv,4,28,True,0.000178,8
backtracking_first_unassigned_variable_lcv,4,29,True,0.000194,8
backtracking_first_unassigned_variable_lcv,4,30,True,0.00015,8
backtracking_first_unassigned_variable_lcv,8,1,True,0.015852,128
backtracking_first_unassigned_variable_lcv,8,2,True,0.024625,128
backtracking_first_unassigned_variable_lcv,8,3,True,0.013892,128
backtracking_first_unassigned_variable_lcv,8,4,True,0.011546,128
backtracking_first_unassigned_variable_lcv,8,5,True,0.019634,128
backtracking_first_unassigned_variable_lcv,8,6,True,0.015306,128
backtracking_first_unassigned_variable_lcv,8,7,True,0.010194,128
backtracking_first_unassigned_variable_lcv,8,8,True,0.020289,128
backtracking_first_unassigned_variable_lcv,8,9,True,0.024928,128
backtracking_first_unassigned_variable_lcv,8,10,True,0.023871,128
backtracking_first_unassigned_variable_lcv,8,11,True,0.019467,128
backtracking_first_unassigned_variable_lcv,8,12,True,0.018114,128
backtracking_first_unassigned_variable_lcv,8,13,True,0.00984,128
backtracking_first_unassigned_variable_lcv,8,14,True,0.008315,128
backtracking_first_unassigned_variable_lcv,8,15,True,0.010137,128
backtracking_first_unassigned_variable_lcv,8,16,True,0.010458,128
backtracking_first_unassigned_variable_lcv,8,17,True,0.007818,128
backtracking_first_unassigned_variable_lcv,8,18,True,0.009309,128
backtracking_first_unassigned_variable_lcv,8,19,True,0.012663,128
backtracking_first_unassigned_variable_lcv,8,20,True,0.014091,128
backtracking_first_unassigned_variable_lcv,8,21,True,0.012476,128
backtracking_first_unassigned_variable_lcv,8,22,True,0.008451,128
backtracking_first_unassigned_variable_lcv,8,23,True,0.010432,128
backtracking_first_unassigned_variable_lcv,8,24,True,0.007311,128
backtracking_first_unassigned_variable_lcv,8,25,True,0.015123,128
backtracking_first_unassigned_variable_lcv,8,26,True,0.008581,128
backtracking_first_unassigned_variable_lcv,8,27,True,0.009778,128
backtracking_first_unassigned_variable_lcv,8,28,True,0.009012,128
backtracking_first_unassigned_variable_lcv,8,29,True,0.013011,128
backtracking_first_unassigned_variable_lcv,8,30,True,0.009045,128
backtracking_first_unassigned_variable_lcv,10,1,True,0.02473,157
backtracking_first_unassigned_variable_lcv,10,2,True,0.018522,157
backtracking_first_unassigned_variable_lcv,10,3,True,0.022953,157
backtracking_first_unassigned_variable_lcv,10,4,True,0.025828,157
backtracking_first_unassigned_variable_lcv,10,5,True,0.022449,157
backtracking_first_unassigned_variable_lcv,10,6,True,0.032051,157
backtracking_first_unassigned_variable_lcv,10,7,True,0.028009,157
backtracking_first_unassigned_variable_lcv,10,8,True,0.023245,157
backtracking_first_unassigned_variable_lcv,10,9,True,0.022321,157
backtracking_first_unassigned_variable_lcv,10,10,True,0.022151,157
backtracking_first_unassigned_variable_lcv,10,11,True,0.020047,157
backtracking_first_unassigned_variable_lcv,10,12,True,0.022989,157
backtracking_first_unassigned_variable_lcv,10,13,True,0.01844,157
backtracking_first_unassigned_variable_lcv,10,14,True,0.020714,157
backtracking_first_unassigned_variable_lcv,10,15,True,0.023654,157
backtracking_first_unassigned_variable_lcv,10,16,True,0.0236,157
backtracking_first_unassigned_variable_lcv,10,17,True,0.031375,157
backtracking_first_unassigned_variable_lcv,10,18,True,0.018508,157
backtracking_first_unassigned_variable_lcv,10,19,True,0.023488,157
backtracking_first_unassigned_variable_lcv,10,20,True,0.018255,157
backtracking_first_unassigned_variable_lcv,10,21,True,0.026965,157
backtracking_first_unassigned_variable_lcv,10,22,True,0.024097,157
backtracking_first_unassigned_variable_lcv,10,23,True,0.028586,157
backtracking_first_unassigned_variable_lcv,10,24,True,0.033517,157
backtracking_first_unassigned_variable_lcv,10,25,True,0.057588,157
backtracking_first_unassigned_variable_lcv,10,26,True,0.049739,157
backtracking_first_unassigned_variable_lcv,10,27,True,0.020248,157
backtracking_first_unassigned_variable_lcv,10,28,True,0.020265,157
backtracking_first_unassigned_variable_lcv,10,29,True,0.022688,157
backtracking_first_unassigned_variable_lcv,10,30,True,0.021686,157
backtracking_first_unassigned_variable_lcv,12,1,True,0.031855,128
backtracking_first_unassigned_variable_lcv,12,2,True,0.027494,128
backtracking_first_unassigned_variable_lcv,12,3,True,0.03042,128
backtracking_first_unassigned_variable_lcv,12,4,True,0.030734,128
backtracking_first_unassigned_variable_lcv,12,5,True,0.033749,128
backtracking_first_unassigned_variable_lcv,12,6,True,0.037458,128
backtracking_first_unassigned_variable_lcv,12,7,True,0.024205,128
backtracking_first_unassigned_variable_lcv,12,8,True,0.030293,128
backtracking_first_unassigned_variable_lcv,12,9,True,0.023399,128
backtracking_first_unassigned_variable_lcv,12,10,True,0.032856,128
backtracking_first_unassigned_variable_lcv,12,11,True,0.038096,128
backtracking_first_unassigned_variable_lcv,12,12,True,0.093507,128
backtracking_first_unassigned_variable_lcv,12,13,True,0.066388,128
backtracking_first_unassigned_variable_lcv,12,14,True,0.04989,128
backtracking_first_unassigned_variable_lcv,12,15,True,0.028038,128
backtracking_first_unassigned_variable_lcv,12,16,True,0.030118,128
backtracking_first_unassigned_variable_lcv,12,17,True,0.030825,128
backtracking_first_unassigned_variable_lcv,12,18,True,0.033851,128
backtracking_first_unassigned_variable_lcv,12,19,True,0.031242,128
backtracking_first_unassigned_variable_lcv,12,20,True,0.047574,128
backtracking_first_unassigned_variable_lcv,12,21,True,0.03411,128
backtracking_first_unassigned_variable_lcv,12,22,True,0.032788,128
backtracking_first_unassigned_variable_lcv,12,23,True,0.031664,128
backtracking_first_unassigned_variable_lcv,12,24,True,0.030924,128
backtracking_first_unassigned_variable_lcv,12,25,True,0.059535,128
backtracking_first_unassigned_variable_lcv,12,26,True,0.043018,128
backtracking_first_unassigned_variable_lcv,12,27,True,0.036404,128
backtracking_first_unassigned_variable_lcv,12,28,True,0.033121,128
backtracking_first_unassigned_variable_lcv,12,29,True,0.029864,128
backtracking_first_unassigned_variable_lcv,12,30,True,0.025252,128
backtracking_first_unassigned_variable_lcv,15,1,True,0.17808,334
backtracking_first_unassigned_variable_lcv,15,2,True,0.213999,334
backtracking_first_unassigned_variable_lcv,15,3,True,0.153614,334
backtracking_first_unassigned_variable_lcv,15,4,True,0.223249,334
backtracking_first_unassigned_variable_lcv,15,5,True,0.189826,334
backtracking_first_unassigned_variable_lcv,15,6,True,0.215022,334
backtracking_first_unassigned_variable_lcv,15,7,True,0.229161,334
backtracking_first_unassigned_variable_lcv,15,8,True,0.210322,334
backtracking_first_unassigned_variable_lcv,15,9,True,0.157021,334
backtracking_first_unassigned_variable_lcv,15,10,True,0.24457,334
backtracking_first_unassigned_variable_lcv,15,11,True,0.200251,334
backtracking_first_unassigned_variable_lcv,15,12,True,0.177352,334
backtracking_first_unassigned_variable_lcv,15,13,True,0.165855,334
backtracking_first_unassigned_variable_lcv,15,14,True,0.162254,334
backtracking_first_unassigned_variable_lcv,15,15,True,0.165948,334
backtracking_first_unassigned_variable_lcv,15,16,True,0.224037,334
backtracking_first_unassigned_variable_lcv,15,17,True,0.160522,334
backtracking_first_unassigned_variable_lcv,15,18,True,0.160336,334
backtracking_first_unassigned_variable_lcv,15,19,True,0.237269,334
backtracking_first_unassigned_variable_lcv,15,20,True,0.22946,334
backtracking_first_unassigned_variable_lcv,15,21,True,0.146417,334
backtracking_first_unassigned_variable_lcv,15,22,True,0.149467,334
backtracking_first_unassigned_variable_lcv,15,23,True,0.200001,334
backtracking_first_unassigned_variable_lcv,15,24,True,0.143779,334
backtracking_first_unassigned_variable_lcv,15,25,True,0.148557,334
backtracking_first_unassigned_variable_lcv,15,26,True,0.202063,334
backtracking_first_unassigned_variable_lcv,15,27,True,0.145984,334
backtracking_first_unassigned_variable_lcv,15,28,True,0.137634,334
backtracking_first_unassigned_variable_lcv,15,29,True,0.162368,334
backtracking_first_unassigned_variable_lcv,15,30,True,0.274442,334
forward_checking_first_unassigned_variable_lcv,4,1,True,0.00015,8
forward_checking_first_unassigned_variable_lcv,4,2,True,0.000342,8
forward_checking_first_unassigned_variable_lcv,4,3,True,0.000138,8
forward_checking_first_unassigned_variable_lcv,4,4,True,0.000105,8
forward_checking_first_unassigned_variable_lcv,4,5,True,0.000104,8
forward_checking_first_unassigned_variable_lcv,4,6,True,0.000105,8
forward_checking_first_unassigned_variable_lcv,4,7,True,0.000102,8
forward_checking_first_unassigned_variable_lcv,4,8,True,0.000101,8
forward_checking_first_unassigned_variable_lcv,4,9,True,0.000102,8
forward_checking_first_unassigned_variable_lcv,4,10,True,0.000104,8
forward_checking_first_unassigned_variable_lcv,4,11,True,0.000103,8
forward_checking_first_unassigned_variable_lcv,4,12,True,0.000143,8
forward_checking_first_unassigned_variable_lcv,4,13,True,0.000106,8
forward_checking_first_unassigned_variable_lcv,4,14,True,0.000104,8
forward_checking_first_unassigned_variable_lcv,4,15,True,9.3e-05,8
forward_checking_first_unassigned_variable_lcv,4,16,True,9.3e-05,8
forward_checking_first_unassigned_variable_lcv,4,17,True,9.4e-05,8
forward_checking_first_unassigned_variable_lcv,4,18,True,0.000146,8
forward_checking_first_unassigned_variable_lcv,4,19,True,9.3e-05,8
forward_checking_first_unassigned_variable_lcv,4,20,True,9.2e-05,8
forward_checking_first_unassigned_variable_lcv,4,21,True,8.8e-05,8
forward_checking_first_unassigned_variable_lcv,4,22,True,9.8e-05,8
forward_checking_first_unassigned_variable_lcv,4,23,True,9.7e-05,8
forward_checking_first_unassigned_variable_lcv,4,24,True,9e-05,8
forward_checking_first_unassigned_variable_lcv,4,25,True,9.7e-05,8
forward_checking_first_unassigned_variable_lcv,4,26,True,0.0001,8
forward_checking_first_unassigned_variable_lcv,4,27,True,0.000133,8
forward_checking_first_unassigned_variable_lcv,4,28,True,0.000103,8
forward_checking_first_unassigned_variable_lcv,4,29,True,0.0001,8
forward_checking_first_unassigned_variable_lcv,4,30,True,0.0001,8
forward_checking_first_unassigned_variable_lcv,8,1,True,0.002868,104
forward_checking_first_unassigned_variable_lcv,8,2,True,0.002471,104
forward_checking_first_unassigned_variable_lcv,8,3,True,0.005198,104
forward_checking_first_unassigned_variable_lcv,8,4,True,0.00365,104
forward_checking_first_unassigned_variable_lcv,8,5,True,0.002424,104
forward_checking_first_unassigned_variable_lcv,8,6,True,0.002661,104
forward_checking_first_unassigned_variable_lcv,8,7,True,0.00563,104
forward_checking_first_unassigned_variable_lcv,8,8,True,0.008215,104
forward_checking_first_unassigned_variable_lcv,8,9,True,0.004696,104
forward_checking_first_unassigned_variable_lcv,8,10,True,0.007064,104
forward_checking_first_unassigned_variable_lcv,8,11,True,0.005157,104
forward_checking_first_unassigned_variable_lcv,8,12,True,0.002581,104
forward_checking_first_unassigned_variable_lcv,8,13,True,0.002864,104
forward_checking_first_unassigned_variable_lcv,8,14,True,0.010061,104
forward_checking_first_unassigned_variable_lcv,8,15,True,0.026126,104
forward_checking_first_unassigned_variable_lcv,8,16,True,0.011079,104
forward_checking_first_unassigned_variable_lcv,8,17,True,0.002492,104
forward_checking_first_unassigned_variable_lcv,8,18,True,0.006546,104
forward_checking_first_unassigned_variable_lcv,8,19,True,0.003642,104
forward_checking_first_unassigned_variable_lcv,8,20,True,0.002353,104
forward_checking_first_unassigned_variable_lcv,8,21,True,0.004951,104
forward_checking_first_unassigned_variable_lcv,8,22,True,0.013035,104
forward_checking_first_unassigned_variable_lcv,8,23,True,0.002927,104
forward_checking_first_unassigned_variable_lcv,8,24,True,0.002598,104
forward_checking_first_unassigned_variable_lcv,8,25,True,0.003025,104
forward_checking_first_unassigned_variable_lcv,8,26,True,0.002543,104
forward_checking_first_unassigned_variable_lcv,8,27,True,0.003094,104
forward_checking_first_unassigned_variable_lcv,8,28,True,0.003537,104
forward_checking_first_unassigned_variable_lcv,8,29,True,0.006501,104
forward_checking_first_unassigned_variable_lcv,8,30,True,0.003887,104
forward_checking_first_unassigned_variable_lcv,10,1,True,0.004467,125
forward_checking_first_unassigned_variable_lcv,10,2,True,0.005721,125
forward_checking_first_unassigned_variable_lcv,10,3,True,0.007716,125
forward_checking_first_unassigned_variable_lcv,10,4,True,0.006273,125
forward_checking_first_unassigned_variable_lcv,10,5,True,0.014985,125
forward_checking_first_unassigned_variable_lcv,10,6,True,0.01139,125
forward_checking_first_unassigned_variable_lcv,10,7,True,0.006643,125
forward_checking_first_unassigned_variable_lcv,10,8,True,0.004142,125
forward_checking_first_unassigned_variable_lcv,10,9,True,0.004535,125
forward_checking_first_unassigned_variable_lcv,10,10,True,0.00367,125
forward_checking_first_unassigned_variable_lcv,10,11,True,0.005615,125
forward_checking_first_unassigned_variable_lcv,10,12,True,0.005695,125
forward_checking_first_unassigned_variable_lcv,10,13,True,0.004315,125
forward_checking_first_unassigned_variable_lcv,10,14,True,0.008311,125
forward_checking_first_unassigned_variable_lcv,10,15,True,0.005044,125
forward_checking_first_unassigned_variable_lcv,10,16,True,0.006036,125
forward_checking_first_unassigned_variable_lcv,10,17,True,0.004281,125
forward_checking_first_unassigned_variable_lcv,10,18,True,0.004363,125
forward_checking_first_unassigned_variable_lcv,10,19,True,0.004527,125
forward_checking_first_unassigned_variable_lcv,10,20,True,0.004205,125
forward_checking_first_unassigned_variable_lcv,10,21,True,0.004272,125
forward_checking_first_unassigned_variable_lcv,10,22,True,0.005211,125
forward_checking_first_unassigned_variable_lcv,10,23,True,0.00522,125
forward_checking_first_unassigned_variable_lcv,10,24,True,0.004271,125
forward_checking_first_unassigned_variable_lcv,10,25,True,0.0042,125
forward_checking_first_unassigned_variable_lcv,10,26,True,0.004393,125
forward_checking_first_unassigned_variable_lcv,10,27,True,0.004315,125
forward_checking_first_unassigned_variable_lcv,10,28,True,0.003531,125
forward_checking_first_unassigned_variable_lcv,10,29,True,0.00273,125
forward_checking_first_unassigned_variable_lcv,10,30,True,0.004248,125
forward_checking_first_unassigned_variable_lcv,12,1,True,0.005148,94
forward_checking_first_unassigned_variable_lcv,12,2,True,0.00444,94
forward_checking_first_unassigned_variable_lcv,12,3,True,0.004241,94
forward_checking_first_unassigned_variable_lcv,12,4,True,0.005848,94
forward_checking_first_unassigned_variable_lcv,12,5,True,0.003819,94
forward_checking_first_unassigned_variable_lcv,12,6,True,0.003853,94
forward_checking_first_unassigned_variable_lcv,12,7,True,0.005482,94
forward_checking_first_unassigned_variable_lcv,12,8,True,0.004951,94
forward_checking_first_unassigned_variable_lcv,12,9,True,0.003218,94
forward_checking_first_unassigned_variable_lcv,12,10,True,0.00504,94
forward_checking_first_unassigned_variable_lcv,12,11,True,0.005189,94
forward_checking_first_unassigned_variable_lcv,12,12,True,0.003683,94
forward_checking_first_unassigned_variable_lcv,12,13,True,0.004175,94
forward_checking_first_unassigned_variable_lcv,12,14,True,0.005789,94
forward_checking_first_unassigned_variable_lcv,12,15,True,0.005743,94
forward_checking_first_unassigned_variable_lcv,12,16,True,0.005097,94
forward_checking_first_unassigned_variable_lcv,12,17,True,0.005081,94
forward_checking_first_unassigned_variable_lcv,12,18,True,0.00594,94
forward_checking_first_unassigned_variable_lcv,12,19,True,0.005204,94
forward_checking_first_unassigned_variable_lcv,12,20,True,0.004824,94
forward_checking_first_unassigned_variable_lcv,12,21,True,0.005129,94
forward_checking_first_unassigned_variable_lcv,12,22,True,0.007702,94
forward_checking_first_unassigned_variable_lcv,12,23,True,0.00574,94
forward_checking_first_unassigned_variable_lcv,12,24,True,0.004845,94
forward_checking_first_unassigned_variable_lcv,12,25,True,0.005092,94
forward_checking_first_unassigned_variable_lcv,12,26,True,0.006534,94
forward_checking_first_unassigned_variable_lcv,12,27,True,0.004634,94
forward_checking_first_unassigned_variable_lcv,12,28,True,0.005833,94
forward_checking_first_unassigned_variable_lcv,12,29,True,0.005302,94
forward_checking_first_unassigned_variable_lcv,12,30,True,0.004926,94
forward_checking_first_unassigned_variable_lcv,15,1,True,0.01496,223
forward_checking_first_unassigned_variable_lcv,15,2,True,0.013528,223
forward_checking_first_unassigned_variable_lcv,15,3,True,0.020965,223
forward_checking_first_unassigned_variable_lcv,15,4,True,0.015161,223
forward_checking_first_unassigned_variable_lcv,15,5,True,0.016078,223
forward_checking_first_unassigned_variable_lcv,15,6,True,0.016207,223
forward_checking_first_unassigned_variable_lcv,15,7,True,0.01303,223
forward_checking_first_unassigned_variable_lcv,15,8,True,0.010478,223
forward_checking_first_unassigned_variable_lcv,15,9,True,0.015129,223
forward_checking_first_unassigned_variable_lcv,15,10,True,0.014882,223
forward_checking_first_unassigned_variable_lcv,15,11,True,0.019681,223
forward_checking_first_unassigned_variable_lcv,15,12,True,0.024989,223
forward_checking_first_unassigned_variable_lcv,15,13,True,0.037542,223
forward_checking_first_unassigned_variable_lcv,15,14,True,0.030348,223
forward_checking_first_unassigned_variable_lcv,15,15,True,0.030225,223
forward_checking_first_unassigned_variable_lcv,15,16,True,0.020582,223
forward_checking_first_unassigned_variable_lcv,15,17,True,0.012236,223
forward_checking_first_unassigned_variable_lcv,15,18,True,0.016328,223
forward_checking_first_unassigned_variable_lcv,15,19,True,0.016012,223
forward_checking_first_unassigned_variable_lcv,15,20,True,0.01465,223
forward_checking_first_unassigned_variable_lcv,15,21,True,0.015769,223
forward_checking_first_unassigned_variable_lcv,15,22,True,0.015021,223
forward_checking_first_unassigned_variable_lcv,15,23,True,0.013287,223
forward_checking_first_unassigned_variable_lcv,15,24,True,0.010575,223
forward_checking_first_unassigned_variable_lcv,15,25,True,0.013311,223
forward_checking_first_unassigned_variable_lcv,15,26,True,0.014815,223
forward_checking_first_unassigned_variable_lcv,15,27,True,0.015451,223
forward_checking_first_unassigned_variable_lcv,15,28,True,0.015329,223
forward_checking_first_unassigned_variable_lcv,15,29,True,0.015216,223
forward_checking_first_unassigned_variable_lcv,15,30,True,0.014353,223
backtracking_mrv_default_order,4,1,True,0.000112,4
backtracking_mrv_default_order,4,2,True,4.6e-05,4
backtracking_mrv_default_order,4,3,True,5.2e-05,5
backtracking_mrv_default_order,4,4,True,4.3e-05,4
backtracking_mrv_default_order,4,5,True,4.1e-05,4
backtracking_mrv_default_order,4,6,True,6.8e-05,8
backtracking_mrv_default_order,4,7,True,4.7e-05,5
backtracking_mrv_default_order,4,8,True,3.5e-05,4
backtracking_mrv_default_order,4,9,True,3.6e-05,4
backtracking_mrv_default_order,4,10,True,7.4e-05,9
backtracking_mrv_default_order,4,11,True,4.1e-05,4
backtracking_mrv_default_order,4,12,True,5.2e-05,6
backtracking_mrv_default_order,4,13,True,8.3e-05,10
backtracking_mrv_default_order,4,14,True,8.4e-05,9
backtracking_mrv_default_order,4,15,True,7.7e-05,9
backtracking_mrv_default_order,4,16,True,5.8e-05,6
backtracking_mrv_default_order,4,17,True,7e-05,8
backtracking_mrv_default_order,4,18,True,4e-05,4
backtracking_mrv_default_order,4,19,True,7.7e-05,9
backtracking_mrv_default_order,4,20,True,5.4e-05,6
backtracking_mrv_default_order,4,21,True,4e-05,4
backtracking_mrv_default_order,4,22,True,7.1e-05,8
backtracking_mrv_default_order,4,23,True,7.4e-05,9
backtracking_mrv_default_order,4,24,True,4.8e-05,5
backtracking_mrv_default_order,4,25,True,7.1e-05,8
backtracking_mrv_default_order,4,26,True,6.3e-05,8
backtracking_mrv_default_order,4,27,True,3.6e-05,4
backtracking_mrv_default_order,4,28,True,6.8e-05,9
backtracking_mrv_default_order,4,29,True,3.8e-05,4
backtracking_mrv_default_order,4,30,True,0.000226,8
backtracking_mrv_default_order,8,1,True,0.000792,74
backtracking_mrv_default_order,8,2,True,0.000282,21
backtracking_mrv_default_order,8,3,True,0.000111,8
backtracking_mrv_default_order,8,4,True,0.000504,48
backtracking_mrv_default_order,8,5,True,0.000563,43
backtracking_mrv_default_order,8,6,True,0.000215,19
backtracking_mrv_default_order,8,7,True,0.000413,39
backtracking_mrv_default_order,8,8,True,0.000861,90
backtracking_mrv_default_order,8,9,True,0.000141,13
backtracking_mrv_default_order,8,10,True,0.0001,8
backtracking_mrv_default_order,8,11,True,0.000308,32
backtracking_mrv_default_order,8,12,True,0.000102,8
backtracking_mrv_default_order,8,13,True,0.000226,20
backtracking_mrv_default_order,8,14,True,0.000126,10
backtracking_mrv_default_order,8,15,True,0.000306,29
backtracking_mrv_default_order,8,16,True,0.000106,8
backtracking_mrv_default_order,8,17,True,0.001034,100
backtracking_mrv_default_order,8,18,True,0.000145,12
backtracking_mrv_default_order,8,19,True,0.000442,43
backtracking_mrv_default_order,8,20,True,9.1e-05,8
backtracking_mrv_default_order,8,21,True,0.000151,16
backtracking_mrv_default_order,8,22,True,0.000165,18
backtracking_mrv_default_order,8,23,True,0.000835,92
backtracking_mrv_default_order,8,24,True,0.000151,14
backtracking_mrv_default_order,8,25,True,0.000671,68
backtracking_mrv_default_order,8,26,True,0.000235,23
backtracking_mrv_default_order,8,27,True,0.000257,30
backtracking_mrv_default_order,8,28,True,0.001153,175
backtracking_mrv_default_order,8,29,True,0.000191,10
backtracking_mrv_default_order,8,30,True,8e-05,10
backtracking_mrv_default_order,10,1,True,0.0021,269
backtracking_mrv_default_order,10,2,True,0.000836,38
backtracking_mrv_default_order,10,3,True,0.000761,87
backtracking_mrv_default_order,10,4,True,0.000143,10
backtracking_mrv_default_order,10,5,True,0.000512,71
backtracking_mrv_default_order,10,6,True,0.000368,46
backtracking_mrv_default_order,10,7,True,0.000141,11
backtracking_mrv_default_order,10,8,True,0.00036,31
backtracking_mrv_default_order,10,9,True,0.0003,22
backtracking_mrv_default_order,10,10,True,0.004091,379
backtracking_mrv_default_order,10,11,True,0.002107,288
backtracking_mrv_default_order,10,12,True,0.000301,39
backtracking_mrv_default_order,10,13,True,0.000574,76
backtracking_mrv_default_order,10,14,True,0.000323,40
backtracking_mrv_default_order,10,15,True,0.000418,56
backtracking_mrv_default_order,10,16,True,0.001642,168
backtracking_mrv_default_order,10,17,True,0.001431,115
backtracking_mrv_default_order,10,18,True,0.000152,10
backtracking_mrv_default_order,10,19,True,0.00157,139
backtracking_mrv_default_order,10,20,True,0.001798,146
backtracking_mrv_default_order,10,21,True,0.000502,43
backtracking_mrv_default_order,10,22,True,0.000459,40
backtracking_mrv_default_order,10,23,True,0.000204,13
backtracking_mrv_default_order,10,24,True,0.000444,30
backtracking_mrv_default_order,10,25,True,0.000637,36
backtracking_mrv_default_order,10,26,True,0.000352,26
backtracking_mrv_default_order,10,27,True,0.000254,20
backtracking_mrv_default_order,10,28,True,0.000997,88
backtracking_mrv_default_order,10,29,True,0.001853,142
backtracking_mrv_default_order,10,30,True,0.003445,109
backtracking_mrv_default_order,12,1,True,0.000325,20
backtracking_mrv_default_order,12,2,True,0.003217,266
backtracking_mrv_default_order,12,3,True,0.000741,56
backtracking_mrv_default_order,12,4,True,0.011343,914
backtracking_mrv_default_order,12,5,True,0.001423,123
backtracking_mrv_default_order,12,6,True,0.000526,59
backtracking_mrv_default_order,12,7,True,0.001087,92
backtracking_mrv_default_order,12,8,True,0.00091,86
backtracking_mrv_default_order,12,9,True,0.001179,142
backtracking_mrv_default_order,12,10,True,0.00054,64
backtracking_mrv_default_order,12,11,True,0.004697,294
backtracking_mrv_default_order,12,12,True,0.004444,346
backtracking_mrv_default_order,12,13,True,0.0004,27
backtracking_mrv_default_order,12,14,True,0.001534,122
backtracking_mrv_default_order,12,15,True,0.018475,1204
backtracking_mrv_default_order,12,16,True,0.001309,105
backtracking_mrv_default_order,12,17,True,0.000964,74
backtracking_mrv_default_order,12,18,True,0.000856,72
backtracking_mrv_default_order,12,19,True,0.003385,414
backtracking_mrv_default_order,12,20,True,0.022815,1554
backtracking_mrv_default_order,12,21,True,0.011933,872
backtracking_mrv_default_order,12,22,True,0.000815,57
backtracking_mrv_default_order,12,23,True,0.001698,135
backtracking_mrv_default_order,12,24,True,0.000356,23
backtracking_mrv_default_order,12,25,True,0.003032,231
backtracking_mrv_default_order,12,26,True,0.00225,183
backtracking_mrv_default_order,12,27,True,0.00082,58
backtracking_mrv_default_order,12,28,True,0.000297,15
backtracking_mrv_default_order,12,29,True,0.008077,649
backtracking_mrv_default_order,12,30,True,0.005349,432
backtracking_mrv_default_order,15,1,True,0.00309,248
backtracking_mrv_default_order,15,2,True,0.001825,156
backtracking_mrv_default_order,15,3,True,0.001522,105
backtracking_mrv_default_order,15,4,True,0.000299,15
backtracking_mrv_default_order,15,5,True,0.007791,531
backtracking_mrv_default_order,15,6,True,0.019491,1535
backtracking_mrv_default_order,15,7,True,0.002886,185
backtracking_mrv_default_order,15,8,True,0.002213,159
backtracking_mrv_default_order,15,9,True,0.002752,185
backtracking_mrv_default_order,15,10,True,0.00101,60
backtracking_mrv_default_order,15,11,True,0.006453,566
backtracking_mrv_default_order,15,12,True,0.001171,99
backtracking_mrv_default_order,15,13,True,0.001458,121
backtracking_mrv_default_order,15,14,True,0.004211,285
backtracking_mrv_default_order,15,15,True,0.001056,74
backtracking_mrv_default_order,15,16,True,0.019645,1731
backtracking_mrv_default_order,15,17,True,0.003467,243
backtracking_mrv_default_order,15,18,True,0.001914,136
backtracking_mrv_default_order,15,19,True,0.048215,2714
backtracking_mrv_default_order,15,20,True,0.001593,107
backtracking_mrv_default_order,15,21,True,0.001237,26
backtracking_mrv_default_order,15,22,True,0.003022,111
backtracking_mrv_default_order,15,23,True,0.002694,156
backtracking_mrv_default_order,15,24,True,0.001208,74
backtracking_mrv_default_order,15,25,True,0.004254,177
backtracking_mrv_default_order,15,26,True,0.000417,23
backtracking_mrv_default_order,15,27,True,0.000272,17
backtracking_mrv_default_order,15,28,True,0.000393,29
backtracking_mrv_default_order,15,29,True,0.00052,51
backtracking_mrv_default_order,15,30,True,0.001941,210
forward_checking_mrv_default_order,4,1,True,6.4e-05,8
forward_checking_mrv_default_order,4,2,True,0.000107,7
forward_checking_mrv_default_order,4,3,True,8.5e-05,8
forward_checking_mrv_default_order,4,4,True,5e-05,4
forward_checking_mrv_default_order,4,5,True,7.3e-05,7
forward_checking_mrv_default_order,4,6,True,4.8e-05,4
forward_checking_mrv_default_order,4,7,True,7.8e-05,8
forward_checking_mrv_default_order,4,8,True,7.1e-05,7
forward_checking_mrv_default_order,4,9,True,0.000261,7
forward_checking_mrv_default_order,4,10,True,0.001607,4
forward_checking_mrv_default_order,4,11,True,9.6e-05,8
forward_checking_mrv_default_order,4,12,True,7.7e-05,7
forward_checking_mrv_default_order,4,13,True,7.1e-05,7
forward_checking_mrv_default_order,4,14,True,7.4e-05,8
forward_checking_mrv_default_order,4,15,True,4.2e-05,4
forward_checking_mrv_default_order,4,16,True,6.8e-05,8
forward_checking_mrv_default_order,4,17,True,4.1e-05,4
forward_checking_mrv_default_order,4,18,True,7.7e-05,8
forward_checking_mrv_default_order,4,19,True,4.9e-05,4
forward_checking_mrv_default_order,4,20,True,8.2e-05,8
forward_checking_mrv_default_order,4,21,True,5.4e-05,5
forward_checking_mrv_default_order,4,22,True,4.8e-05,4
forward_checking_mrv_default_order,4,23,True,7.5e-05,8
forward_checking_mrv_default_order,4,24,True,4.8e-05,5
forward_checking_mrv_default_order,4,25,True,4.2e-05,4
forward_checking_mrv_default_order,4,26,True,8.6e-05,7
forward_checking_mrv_default_order,4,27,True,4.7e-05,5
forward_checking_mrv_default_order,4,28,True,4.9e-05,5
forward_checking_mrv_default_order,4,29,True,8.2e-05,8
forward_checking_mrv_default_order,4,30,True,7.5e-05,8
forward_checking_mrv_default_order,8,1,True,0.000151,8
forward_checking_mrv_default_order,8,2,True,0.000246,18
forward_checking_mrv_default_order,8,3,True,0.000164,9
forward_checking_mrv_default_order,8,4,True,0.000721,33
forward_checking_mrv_default_order,8,5,True,0.000195,11
forward_checking_mrv_default_order,8,6,True,0.000334,22
forward_checking_mrv_default_order,8,7,True,0.000384,9
forward_checking_mrv_default_order,8,8,True,0.000645,21
forward_checking_mrv_default_order,8,9,True,0.00027,19
forward_checking_mrv_default_order,8,10,True,0.000313,22
forward_checking_mrv_default_order,8,11,True,0.000292,8
forward_checking_mrv_default_order,8,12,True,0.00036,26
forward_checking_mrv_default_order,8,13,True,0.00047,33
forward_checking_mrv_default_order,8,14,True,0.000281,18
forward_checking_mrv_default_order,8,15,True,0.000321,25
forward_checking_mrv_default_order,8,16,True,0.000177,10
forward_checking_mrv_default_order,8,17,True,0.004521,8
forward_checking_mrv_default_order,8,18,True,0.00029,18
forward_checking_mrv_default_order,8,19,True,0.000183,11
forward_checking_mrv_default_order,8,20,True,0.000194,12
forward_checking_mrv_default_order,8,21,True,0.000173,13
forward_checking_mrv_default_order,8,22,True,0.000205,17
forward_checking_mrv_default_order,8,23,True,0.000386,20
forward_checking_mrv_default_order,8,24,True,0.00018,8
forward_checking_mrv_default_order,8,25,True,0.00036,37
forward_checking_mrv_default_order,8,26,True,0.0001,8
forward_checking_mrv_default_order,8,27,True,0.000196,19
forward_checking_mrv_default_order,8,28,True,0.000116,11
forward_checking_mrv_default_order,8,29,True,0.000466,53
forward_checking_mrv_default_order,8,30,True,0.000229,26
forward_checking_mrv_default_order,10,1,True,0.000215,17
forward_checking_mrv_default_order,10,2,True,0.000258,22
forward_checking_mrv_default_order,10,3,True,0.000504,57
forward_checking_mrv_default_order,10,4,True,0.000475,30
forward_checking_mrv_default_order,10,5,True,0.000335,18
forward_checking_mrv_default_order,10,6,True,0.000257,12
forward_checking_mrv_default_order,10,7,True,0.000906,62
forward_checking_mrv_default_order,10,8,True,0.000368,20
forward_checking_mrv_default_order,10,9,True,0.000675,31
forward_checking_mrv_default_order,10,10,True,0.000284,12
forward_checking_mrv_default_order,10,11,True,0.00025,10
forward_checking_mrv_default_order,10,12,True,0.000305,19
forward_checking_mrv_default_order,10,13,True,0.000628,45
forward_checking_mrv_default_order,10,14,True,0.000583,43
forward_checking_mrv_default_order,10,15,True,0.000548,31
forward_checking_mrv_default_order,10,16,True,0.000273,12
forward_checking_mrv_default_order,10,17,True,0.00063,43
forward_checking_mrv_default_order,10,18,True,0.000782,60
forward_checking_mrv_default_order,10,19,True,0.000262,13
forward_checking_mrv_default_order,10,20,True,0.001435,119
forward_checking_mrv_default_order,10,21,True,0.000284,10
forward_checking_mrv_default_order,10,22,True,0.000298,10
forward_checking_mrv_default_order,10,23,True,0.000394,23
forward_checking_mrv_default_order,10,24,True,0.000387,20
forward_checking_mrv_default_order,10,25,True,0.000306,16
forward_checking_mrv_default_order,10,26,True,0.000308,21
forward_checking_mrv_default_order,10,27,True,0.000586,51
forward_checking_mrv_default_order,10,28,True,0.0002,17
forward_checking_mrv_default_order,10,29,True,0.000158,10
forward_checking_mrv_default_order,10,30,True,0.000532,56
forward_checking_mrv_default_order,12,1,True,0.000316,24
forward_checking_mrv_default_order,12,2,True,0.000243,12
forward_checking_mrv_default_order,12,3,True,0.000368,29
forward_checking_mrv_default_order,12,4,True,0.000304,19
forward_checking_mrv_default_order,12,5,True,0.000621,43
forward_checking_mrv_default_order,12,6,True,0.000357,27
forward_checking_mrv_default_order,12,7,True,0.000404,35
forward_checking_mrv_default_order,12,8,True,0.000387,33
forward_checking_mrv_default_order,12,9,True,0.000404,20
forward_checking_mrv_default_order,12,10,True,0.000366,12
forward_checking_mrv_default_order,12,11,True,0.000345,12
forward_checking_mrv_default_order,12,12,True,0.000853,40
forward_checking_mrv_default_order,12,13,True,0.001154,75
forward_checking_mrv_default_order,12,14,True,0.000516,22
forward_checking_mrv_default_order,12,15,True,0.002208,150
forward_checking_mrv_default_order,12,16,True,0.000492,20
forward_checking_mrv_default_order,12,17,True,0.001946,136
forward_checking_mrv_default_order,12,18,True,0.000605,33
forward_checking_mrv_default_order,12,19,True,0.000344,12
forward_checking_mrv_default_order,12,20,True,0.000465,19
forward_checking_mrv_default_order,12,21,True,0.000773,44
forward_checking_mrv_default_order,12,22,True,0.002356,172
forward_checking_mrv_default_order,12,23,True,0.000448,21
forward_checking_mrv_default_order,12,24,True,0.001754,51
forward_checking_mrv_default_order,12,25,True,0.001253,109
forward_checking_mrv_default_order,12,26,True,0.000263,16
forward_checking_mrv_default_order,12,27,True,0.00073,62
forward_checking_mrv_default_order,12,28,True,0.000261,15
forward_checking_mrv_default_order,12,29,True,0.000457,25
forward_checking_mrv_default_order,12,30,True,0.000727,44
forward_checking_mrv_default_order,15,1,True,0.000873,30
forward_checking_mrv_default_order,15,2,True,0.00117,32
forward_checking_mrv_default_order,15,3,True,0.00066,22
forward_checking_mrv_default_order,15,4,True,0.000479,15
forward_checking_mrv_default_order,15,5,True,0.00045,20
forward_checking_mrv_default_order,15,6,True,0.000532,33
forward_checking_mrv_default_order,15,7,True,0.001206,111
forward_checking_mrv_default_order,15,8,True,0.000685,48
forward_checking_mrv_default_order,15,9,True,0.000402,17
forward_checking_mrv_default_order,15,10,True,0.000737,56
forward_checking_mrv_default_order,15,11,True,0.000472,26
forward_checking_mrv_default_order,15,12,True,0.000763,43
forward_checking_mrv_default_order,15,13,True,0.000391,17
forward_checking_mrv_default_order,15,14,True,0.005366,403
forward_checking_mrv_default_order,15,15,True,0.000503,28
forward_checking_mrv_default_order,15,16,True,0.000702,52
forward_checking_mrv_default_order,15,17,True,0.000683,44
forward_checking_mrv_default_order,15,18,True,0.000494,28
forward_checking_mrv_default_order,15,19,True,0.00044,22
forward_checking_mrv_default_order,15,20,True,0.000569,32
forward_checking_mrv_default_order,15,21,True,0.000524,15
forward_checking_mrv_default_order,15,22,True,0.000781,34
forward_checking_mrv_default_order,15,23,True,0.001014,28
forward_checking_mrv_default_order,15,24,True,0.000797,34
forward_checking_mrv_default_order,15,25,True,0.000622,15
forward_checking_mrv_default_order,15,26,True,0.001763,94
forward_checking_mrv_default_order,15,27,True,0.001616,84
forward_checking_mrv_default_order,15,28,True,0.003312,74
forward_checking_mrv_default_order,15,29,True,0.000557,15
forward_checking_mrv_default_order,15,30,True,0.004033,33
backtracking_mrv_lcv,4,1,True,0.000164,9
backtracking_mrv_lcv,4,2,True,7.5e-05,4
backtracking_mrv_lcv,4,3,True,7.6e-05,4
backtracking_mrv_lcv,4,4,True,0.000151,10
backtracking_mrv_lcv,4,5,True,9.5e-05,4
backtracking_mrv_lcv,4,6,True,0.000349,12
backtracking_mrv_lcv,4,7,True,0.000274,9
backtracking_mrv_lcv,4,8,True,0.000246,9
backtracking_mrv_lcv,4,9,True,0.00012,4
backtracking_mrv_lcv,4,10,True,0.000258,8
backtracking_mrv_lcv,4,11,True,0.000243,9
backtracking_mrv_lcv,4,12,True,0.000138,4
backtracking_mrv_lcv,4,13,True,0.000116,4
backtracking_mrv_lcv,4,14,True,0.000115,4
backtracking_mrv_lcv,4,15,True,0.001656,10
backtracking_mrv_lcv,4,16,True,0.000236,9
backtracking_mrv_lcv,4,17,True,0.000117,4
backtracking_mrv_lcv,4,18,True,0.000107,4
backtracking_mrv_lcv,4,19,True,0.000196,8
backtracking_mrv_lcv,4,20,True,0.0015,9
backtracking_mrv_lcv,4,21,True,0.000312,12
backtracking_mrv_lcv,4,22,True,0.000268,12
backtracking_mrv_lcv,4,23,True,0.000106,4
backtracking_mrv_lcv,4,24,True,0.000136,4
backtracking_mrv_lcv,4,25,True,0.000114,4
backtracking_mrv_lcv,4,26,True,0.000106,4
backtracking_mrv_lcv,4,27,True,0.000102,4
backtracking_mrv_lcv,4,28,True,9.8e-05,4
backtracking_mrv_lcv,4,29,True,0.00019,8
backtracking_mrv_lcv,4,30,True,0.000101,4
backtracking_mrv_lcv,8,1,True,0.006014,90
backtracking_mrv_lcv,8,2,True,0.000866,13
backtracking_mrv_lcv,8,3,True,0.001809,31
backtracking_mrv_lcv,8,4,True,0.001207,10
backtracking_mrv_lcv,8,5,True,0.000783,8
backtracking_mrv_lcv,8,6,True,0.008034,71
backtracking_mrv_lcv,8,7,True,0.001285,12
backtracking_mrv_lcv,8,8,True,0.011228,125
backtracking_mrv_lcv,8,9,True,0.00259,24
backtracking_mrv_lcv,8,10,True,0.005743,49
backtracking_mrv_lcv,8,11,True,0.00092,8
backtracking_mrv_lcv,8,12,True,0.001325,11
backtracking_mrv_lcv,8,13,True,0.003443,38
backtracking_mrv_lcv,8,14,True,0.003542,38
backtracking_mrv_lcv,8,15,True,0.003149,11
backtracking_mrv_lcv,8,16,True,0.001984,18
backtracking_mrv_lcv,8,17,True,0.001012,9
backtracking_mrv_lcv,8,18,True,0.001876,8
backtracking_mrv_lcv,8,19,True,0.001478,15
backtracking_mrv_lcv,8,20,True,0.004671,41
backtracking_mrv_lcv,8,21,True,0.009969,103
backtracking_mrv_lcv,8,22,True,0.001759,34
backtracking_mrv_lcv,8,23,True,0.003457,44
backtracking_mrv_lcv,8,24,True,0.001851,22
backtracking_mrv_lcv,8,25,True,0.001119,20
backtracking_mrv_lcv,8,26,True,0.001086,20
backtracking_mrv_lcv,8,27,True,0.000603,8
backtracking_mrv_lcv,8,28,True,0.003078,47
backtracking_mrv_lcv,8,29,True,0.018548,209
backtracking_mrv_lcv,8,30,True,0.001708,18
backtracking_mrv_lcv,10,1,True,0.012861,86
backtracking_mrv_lcv,10,2,True,0.02188,94
backtracking_mrv_lcv,10,3,True,0.014529,105
backtracking_mrv_lcv,10,4,True,0.021398,149
backtracking_mrv_lcv,10,5,True,0.033665,210
backtracking_mrv_lcv,10,6,True,0.00419,46
backtracking_mrv_lcv,10,7,True,0.004728,37
backtracking_mrv_lcv,10,8,True,0.024521,123
backtracking_mrv_lcv,10,9,True,0.008871,26
backtracking_mrv_lcv,10,10,True,0.03038,133
backtracking_mrv_lcv,10,11,True,0.036727,204
backtracking_mrv_lcv,10,12,True,0.055605,400
backtracking_mrv_lcv,10,13,True,0.023948,177
backtracking_mrv_lcv,10,14,True,0.034023,302
backtracking_mrv_lcv,10,15,True,0.026885,197
backtracking_mrv_lcv,10,16,True,0.006681,46
backtracking_mrv_lcv,10,17,True,0.047412,330
backtracking_mrv_lcv,10,18,True,0.026399,206
backtracking_mrv_lcv,10,19,True,0.013154,105
backtracking_mrv_lcv,10,20,True,0.006173,70
backtracking_mrv_lcv,10,21,True,0.011612,46
backtracking_mrv_lcv,10,22,True,0.003698,10
backtracking_mrv_lcv,10,23,True,0.020289,71
backtracking_mrv_lcv,10,24,True,0.00787,28
backtracking_mrv_lcv,10,25,True,0.013014,31
backtracking_mrv_lcv,10,26,True,0.111093,572
backtracking_mrv_lcv,10,27,True,0.008018,41
backtracking_mrv_lcv,10,28,True,0.021254,174
backtracking_mrv_lcv,10,29,True,0.037726,313
backtracking_mrv_lcv,10,30,True,0.005545,31
backtracking_mrv_lcv,12,1,True,0.067217,196
backtracking_mrv_lcv,12,2,True,0.095328,170
backtracking_mrv_lcv,12,3,True,0.064628,182
backtracking_mrv_lcv,12,4,True,0.032163,110
backtracking_mrv_lcv,12,5,True,0.100927,209
backtracking_mrv_lcv,12,6,True,0.113401,429
backtracking_mrv_lcv,12,7,True,0.012429,51
backtracking_mrv_lcv,12,8,True,0.020368,112
backtracking_mrv_lcv,12,9,True,0.031457,141
backtracking_mrv_lcv,12,10,True,0.009918,18
backtracking_mrv_lcv,12,11,True,0.005482,29
backtracking_mrv_lcv,12,12,True,0.010247,58
backtracking_mrv_lcv,12,13,True,0.026176,142
backtracking_mrv_lcv,12,14,True,0.092546,581
backtracking_mrv_lcv,12,15,True,0.003175,13
backtracking_mrv_lcv,12,16,True,0.045641,254
backtracking_mrv_lcv,12,17,True,0.006969,36
backtracking_mrv_lcv,12,18,True,0.009207,53
backtracking_mrv_lcv,12,19,True,0.075828,419
backtracking_mrv_lcv,12,20,True,0.091319,149
backtracking_mrv_lcv,12,21,True,0.013293,65
backtracking_mrv_lcv,12,22,True,0.107088,572
backtracking_mrv_lcv,12,23,True,0.020202,121
backtracking_mrv_lcv,12,24,True,0.150007,866
backtracking_mrv_lcv,12,25,True,0.171408,984
backtracking_mrv_lcv,12,26,True,0.093412,529
backtracking_mrv_lcv,12,27,True,0.030082,188
backtracking_mrv_lcv,12,28,True,0.046977,218
backtracking_mrv_lcv,12,29,True,0.052465,356
backtracking_mrv_lcv,12,30,True,0.017047,104
backtracking_mrv_lcv,15,1,True,0.179757,673
backtracking_mrv_lcv,15,2,True,0.04445,178
backtracking_mrv_lcv,15,3,True,5.120307,14161
backtracking_mrv_lcv,15,4,True,0.960906,2478
backtracking_mrv_lcv,15,5,True,0.108494,263
backtracking_mrv_lcv,15,6,True,0.047448,63
backtracking_mrv_lcv,15,7,True,0.125211,144
backtracking_mrv_lcv,15,8,True,0.268734,674
backtracking_mrv_lcv,15,9,True,0.130316,413
backtracking_mrv_lcv,15,10,True,0.030934,96
backtracking_mrv_lcv,15,11,True,0.151093,167
backtracking_mrv_lcv,15,12,True,0.144462,328
backtracking_mrv_lcv,15,13,True,0.021329,55
backtracking_mrv_lcv,15,14,True,0.017318,45
backtracking_mrv_lcv,15,15,True,0.148537,489
backtracking_mrv_lcv,15,16,True,0.050808,157
backtracking_mrv_lcv,15,17,True,0.040774,135
backtracking_mrv_lcv,15,18,True,0.062099,43
backtracking_mrv_lcv,15,19,True,0.042389,45
backtracking_mrv_lcv,15,20,True,0.064386,181
backtracking_mrv_lcv,15,21,True,1.854599,4937
backtracking_mrv_lcv,15,22,True,0.153663,381
backtracking_mrv_lcv,15,23,True,0.010187,21
backtracking_mrv_lcv,15,24,True,0.108703,192
backtracking_mrv_lcv,15,25,True,0.087447,235
backtracking_mrv_lcv,15,26,True,0.021729,46
backtracking_mrv_lcv,15,27,True,0.085191,308
backtracking_mrv_lcv,15,28,True,0.245385,823
backtracking_mrv_lcv,15,29,True,0.098508,218
backtracking_mrv_lcv,15,30,True,0.012472,23
forward_checking_mrv_lcv,4,1,True,0.000109,4
forward_checking_mrv_lcv,4,2,True,0.000128,7
forward_checking_mrv_lcv,4,3,True,0.000137,8
forward_checking_mrv_lcv,4,4,True,0.000125,7
forward_checking_mrv_lcv,4,5,True,9.5e-05,4
forward_checking_mrv_lcv,4,6,True,0.000151,8
forward_checking_mrv_lcv,4,7,True,0.000124,7
forward_checking_mrv_lcv,4,8,True,8.5e-05,4
forward_checking_mrv_lcv,4,9,True,0.000117,8
forward_checking_mrv_lcv,4,10,True,0.000101,7
forward_checking_mrv_lcv,4,11,True,7.7e-05,4
forward_checking_mrv_lcv,4,12,True,8.3e-05,4
forward_checking_mrv_lcv,4,13,True,8.7e-05,4
forward_checking_mrv_lcv,4,14,True,9e-05,8
forward_checking_mrv_lcv,4,15,True,9.2e-05,8
forward_checking_mrv_lcv,4,16,True,6e-05,4
forward_checking_mrv_lcv,4,17,True,8e-05,7
forward_checking_mrv_lcv,4,18,True,6.1e-05,4
forward_checking_mrv_lcv,4,19,True,8.7e-05,8
forward_checking_mrv_lcv,4,20,True,6.1e-05,4
forward_checking_mrv_lcv,4,21,True,6e-05,4
forward_checking_mrv_lcv,4,22,True,8.7e-05,8
forward_checking_mrv_lcv,4,23,True,8.9e-05,8
forward_checking_mrv_lcv,4,24,True,6.3e-05,4
forward_checking_mrv_lcv,4,25,True,6.1e-05,4
forward_checking_mrv_lcv,4,26,True,9.8e-05,8
forward_checking_mrv_lcv,4,27,True,7.9e-05,7
forward_checking_mrv_lcv,4,28,True,0.000163,4
forward_checking_mrv_lcv,4,29,True,8.9e-05,8
forward_checking_mrv_lcv,4,30,True,6e-05,4
forward_checking_mrv_lcv,8,1,True,0.000793,33
forward_checking_mrv_lcv,8,2,True,0.000379,8
forward_checking_mrv_lcv,8,3,True,0.000788,34
forward_checking_mrv_lcv,8,4,True,0.00039,8
forward_checking_mrv_lcv,8,5,True,0.000388,8
forward_checking_mrv_lcv,8,6,True,0.000382,8
forward_checking_mrv_lcv,8,7,True,0.000893,36
forward_checking_mrv_lcv,8,8,True,0.000621,12
forward_checking_mrv_lcv,8,9,True,0.000936,23
forward_checking_mrv_lcv,8,10,True,0.000386,8
forward_checking_mrv_lcv,8,11,True,0.001318,38
forward_checking_mrv_lcv,8,12,True,0.001266,32
forward_checking_mrv_lcv,8,13,True,0.001344,38
forward_checking_mrv_lcv,8,14,True,0.001691,49
forward_checking_mrv_lcv,8,15,True,0.000669,14
forward_checking_mrv_lcv,8,16,True,0.001252,35
forward_checking_mrv_lcv,8,17,True,0.000683,14
forward_checking_mrv_lcv,8,18,True,0.001017,24
forward_checking_mrv_lcv,8,19,True,0.000695,8
forward_checking_mrv_lcv,8,20,True,0.000884,19
forward_checking_mrv_lcv,8,21,True,0.000855,21
forward_checking_mrv_lcv,8,22,True,0.00055,11
forward_checking_mrv_lcv,8,23,True,0.000755,27
forward_checking_mrv_lcv,8,24,True,0.000654,28
forward_checking_mrv_lcv,8,25,True,0.000452,15
forward_checking_mrv_lcv,8,26,True,0.000405,9
forward_checking_mrv_lcv,8,27,True,0.00055,9
forward_checking_mrv_lcv,8,28,True,0.000708,31
forward_checking_mrv_lcv,8,29,True,0.000576,12
forward_checking_mrv_lcv,8,30,True,0.001076,29
forward_checking_mrv_lcv,10,1,True,0.001884,29
forward_checking_mrv_lcv,10,2,True,0.0014,15
forward_checking_mrv_lcv,10,3,True,0.005478,153
forward_checking_mrv_lcv,10,4,True,0.002033,39
forward_checking_mrv_lcv,10,5,True,0.0029,74
forward_checking_mrv_lcv,10,6,True,0.001085,13
forward_checking_mrv_lcv,10,7,True,0.003509,85
forward_checking_mrv_lcv,10,8,True,0.00136,12
forward_checking_mrv_lcv,10,9,True,0.001522,17
forward_checking_mrv_lcv,10,10,True,0.001643,24
forward_checking_mrv_lcv,10,11,True,0.001523,21
forward_checking_mrv_lcv,10,12,True,0.002134,46
forward_checking_mrv_lcv,10,13,True,0.001447,15
forward_checking_mrv_lcv,10,14,True,0.001458,10
forward_checking_mrv_lcv,10,15,True,0.001565,29
forward_checking_mrv_lcv,10,16,True,0.005045,156
forward_checking_mrv_lcv,10,17,True,0.004895,129
forward_checking_mrv_lcv,10,18,True,0.003593,81
forward_checking_mrv_lcv,10,19,True,0.002026,33
forward_checking_mrv_lcv,10,20,True,0.001302,10
forward_checking_mrv_lcv,10,21,True,0.002017,39
forward_checking_mrv_lcv,10,22,True,0.001201,12
forward_checking_mrv_lcv,10,23,True,0.001519,12
forward_checking_mrv_lcv,10,24,True,0.002088,37
forward_checking_mrv_lcv,10,25,True,0.002272,41
forward_checking_mrv_lcv,10,26,True,0.004432,111
forward_checking_mrv_lcv,10,27,True,0.001642,30
forward_checking_mrv_lcv,10,28,True,0.002052,34
forward_checking_mrv_lcv,10,29,True,0.001177,18
forward_checking_mrv_lcv,10,30,True,0.000903,15
forward_checking_mrv_lcv,12,1,True,0.002494,12
forward_checking_mrv_lcv,12,2,True,0.002708,20
forward_checking_mrv_lcv,12,3,True,0.003889,80
forward_checking_mrv_lcv,12,4,True,0.003748,90
forward_checking_mrv_lcv,12,5,True,0.00236,53
forward_checking_mrv_lcv,12,6,True,0.003103,73
forward_checking_mrv_lcv,12,7,True,0.003203,42
forward_checking_mrv_lcv,12,8,True,0.002092,39
forward_checking_mrv_lcv,12,9,True,0.002704,68
forward_checking_mrv_lcv,12,10,True,0.005582,124
forward_checking_mrv_lcv,12,11,True,0.002791,20
forward_checking_mrv_lcv,12,12,True,0.002306,12
forward_checking_mrv_lcv,12,13,True,0.006022,117
forward_checking_mrv_lcv,12,14,True,0.00281,22
forward_checking_mrv_lcv,12,15,True,0.003044,28
forward_checking_mrv_lcv,12,16,True,0.003055,31
forward_checking_mrv_lcv,12,17,True,0.004688,75
forward_checking_mrv_lcv,12,18,True,0.005602,85
forward_checking_mrv_lcv,12,19,True,0.002224,15
forward_checking_mrv_lcv,12,20,True,0.002603,19
forward_checking_mrv_lcv,12,21,True,0.004795,71
forward_checking_mrv_lcv,12,22,True,0.005763,54
forward_checking_mrv_lcv,12,23,True,0.009005,236
forward_checking_mrv_lcv,12,24,True,0.004004,60
forward_checking_mrv_lcv,12,25,True,0.002577,22
forward_checking_mrv_lcv,12,26,True,0.002021,14
forward_checking_mrv_lcv,12,27,True,0.002598,26
forward_checking_mrv_lcv,12,28,True,0.005062,84
forward_checking_mrv_lcv,12,29,True,0.002798,41
forward_checking_mrv_lcv,12,30,True,0.001947,38
forward_checking_mrv_lcv,15,1,True,0.004334,34
forward_checking_mrv_lcv,15,2,True,0.003359,18
forward_checking_mrv_lcv,15,3,True,0.004175,30
forward_checking_mrv_lcv,15,4,True,0.005461,52
forward_checking_mrv_lcv,15,5,True,0.015698,251
forward_checking_mrv_lcv,15,6,True,0.006504,41
forward_checking_mrv_lcv,15,7,True,0.005798,24
forward_checking_mrv_lcv,15,8,True,0.00696,58
forward_checking_mrv_lcv,15,9,True,0.005197,30
forward_checking_mrv_lcv,15,10,True,0.003573,31
forward_checking_mrv_lcv,15,11,True,0.004601,35
forward_checking_mrv_lcv,15,12,True,0.011119,202
forward_checking_mrv_lcv,15,13,True,0.00688,71
forward_checking_mrv_lcv,15,14,True,0.039483,849
forward_checking_mrv_lcv,15,15,True,0.005542,55
forward_checking_mrv_lcv,15,16,True,0.006237,79
forward_checking_mrv_lcv,15,17,True,0.006655,38
forward_checking_mrv_lcv,15,18,True,0.008477,113
forward_checking_mrv_lcv,15,19,True,0.006011,35
forward_checking_mrv_lcv,15,20,True,0.006433,44
forward_checking_mrv_lcv,15,21,True,0.006228,40
forward_checking_mrv_lcv,15,22,True,0.009614,102
forward_checking_mrv_lcv,15,23,True,0.005753,33
forward_checking_mrv_lcv,15,24,True,0.007647,68
forward_checking_mrv_lcv,15,25,True,0.00951,95
forward_checking_mrv_lcv,15,26,True,0.003821,25
forward_checking_mrv_lcv,15,27,True,0.006604,15
forward_checking_mrv_lcv,15,28,True,0.007055,38
forward_checking_mrv_lcv,15,29,True,0.008706,89
forward_checking_mrv_lcv,15,30,True,0.008785,99
